,0
corrupt,1
eff,2
jetlagged,1
inaspanof,1
neighborhood,3
fibromyalgia,1
death,12
busily,1
invented,1
headline,3
guess,4
cornered,1
voterid,2
patriarchy,2
reminder,2
potter,2
presiding,1
open,6
misogynistâ¦,1
plane,1
novel,1
classifying,1
extending,1
perspective,1
leb,1
christ,1
nigelfarage,1
brexit,29
âï¸,1
caused,5
ÙÙÙ,1
rector,1
'coward,1
antiamerican,2
munmid,1
performance,1
resist,14
wait,8
exceptional,1
miller,1
heel,1
heabroken,1
remake,1
co-chairman,2
cr7,3
feminist,8
enough,13
entered,1
radicalism,2
account,3
suggests,1
povey,6
instagram,1
nominate,1
sitting,1
opening,1
german,4
abe,2
timing,2
'muslims,1
price,2
incite,1
chriâ¦,1
youâ¦,3
position,1
suppoed,2
itâs,5
capitol,1
xmas,3
whiteguys,1
well,11
achilles,1
yeg,1
disciple,1
whiteaustralianpolicy,1
harm,2
wildlife,1
starwarsrogueoneÂ,1
tech,6
genderequity,1
sale,2
stockholm,1
havent,1
trendy,1
gentleman,1
fiend,1
gtfoh,1
bih,1
mr.,1
course,11
stage,2
area,3
fight,7
case,5
sex,35
islamophobes,2
relates,1
=fraud,1
beautiful,1
2017fail,1
alive,4
already,10
defined,1
sightâ,1
nbc,1
flushed½â¦,1
muslimsâ¦,1
nuanced,1
nick,2
dread,2
challenged,2
silveragatka,1
chomsky,1
delete,3
hansen,1
cwt,1
platform,3
decolonization,1
intellectual,3
islamofascist,1
+14,1
contempt,2
gwent,1
colâ¦,1
sam,2
offering,1
police-civilian,1
stand,12
islamophoâ¦,1
vomit,1
nopegida,1
math,2
saw,2
bastard,2
ottawa,1
abpoli,1
denounce,5
yeaâ¦,1
coward,1
absolutely,4
secretly,1
service,4
âwe,10
truckload,1
attracted,3
tinfoilhat,2
bonhoeffer,2
justjustice,1
star,4
cheater,1
outraged,1
firstworldproblems,1
neighbour,1
policy,10
generation,1
tyranny.â¦,1
fuel,1
princess,1
2nites,1
muslim,27
rubio,1
cameron,2
whatsoever,1
zimbabwe,1
later,1
upf,2
spin,1
nye,2
showâ,2
humorous,1
murdered,1
funny,6
confirmation,6
everythingisracist,1
month,3
released,1
detention,1
together,5
patriotwatch,3
cutest,2
wtf,5
student,4
gon,6
newyear2017,2
blackmen,1
colorblind,1
raciolinguistics,1
appearance,1
reel,1
lawrence,1
isnt,2
aâ¦,5
educated,1
clinton,4
fearmongering,1
helpless,1
love/know,1
sarcasm,1
alleged,3
cpcldr,1
volodymyrviatrovych,1
plethora,2
falsely,1
rich,3
see,27
milkâ¦,1
female,3
goodbye,3
presenter,1
harsh,1
inherent,1
hmm,1
inspirechange,1
2000,2
24,3
packyourshitobama,1
lovecraft,1
unifying,4
blast,1
dark,2
spain,1
figure,2
thailand,2
g.o.p,1
seen,4
pushing,1
developer,1
caer,2
murrayhaters,1
subjected,2
transsexy,1
cab,2
benghazi,2
utah,1
po,6
fast,2
cottoned,1
spoty,1
silent,3
prayer,1
mostly,3
latina,2
nose,2
wang,1
owned,1
everyonâ¦,1
santaproject,1
hube,1
breitba,1
spanish,1
powerhungrytraitors,2
omfg,1
nonsensical,2
choking,2
fragility,2
priviledge,1
jumpedtheshâ¦,1
=â¦,1
ha,2
fake,4
neonazi,1
ris2016,4
mecca_live,3
smug,1
culturalenrichment,2
apology,1
explained,1
nackt,1
propaganda,6
russia,9
l.,1
threat,3
assured,1
essential,1
detroit,3
directly,1
opposing,1
dealing,1
â,1
karma,1
simply,1
butthucreepers,1
auspol,8
profession,1
iq,5
skinned,1
~14,1
brilliant,1
marginalized,1
heededâ¦,1
socialmooc,1
observation,1
'jokes,2
florida,1
resignation,3
sociopath,2
mexico,3
entry,2
favorite,1
judd,1
finest,1
shis,2
oabâ¦,1
energy,1
lying,9
oveurning,1
charge,3
competitiveness,1
nzpol,1
ring,2
modern,2
60minutes,1
saddle,1
frustrated,1
communism.â¦,1
sweetie,1
prowar,1
episode,1
silence,5
educating,1
sleep,1
bullying,7
kellyann,1
smack,1
cliche,1
plain,1
alexjones,2
them.â¦,1
votâ¦,1
makeoâ¦,1
assuming,1
galery,1
leejasper,1
rhonda,1
goverment,2
daughter,2
incredibly,1
hillaryclinton,4
freedomofspeech,1
freeman,1
er,1
eevalancaster,1
rushlimbaugh,1
choice,3
prez,3
dept,1
wilmington,1
rightâ¦,1
probabâ¦,1
preorder,7
ohio,3
betwn,1
simplistic,1
blatantly,3
familiar,4
stream,2
russianhack,1
repugnant,2
reactionary,1
days.â¦,1
rep,1
rare-thousâ¦,1
uncle,2
luck,1
typical,4
obama/jarretts,2
usual,1
multi-racial,1
unpacks,2
company,4
shit,11
azealia,1
entire,4
leaving,4
whatâ¦,1
staed,2
yur,2
held,2
y'all,3
inferioritycomplex,1
perfumer,1
historyâ,1
engagement,1
athlete,1
ndn,1
delta,4
jokeoftheday,1
armpit,1
hull,1
deadly,1
missed,1
asylumseekers,1
papalbull,1
getting,2
nicola,3
meeting,2
parliament,1
boy,12
¾¾,1
trompas,1
triggered,4
intrusively,1
slammed,4
arenât,3
privilege,5
bully,5
liberal,92
over-rode,1
beating,1
popularvote,2
14000,1
haim,1
rise,2
stas,1
incredible,2
reparation,1
indoctrination,1
terry,2
carolsbycandlelight,1
ofâ¦,2
em,1
misogyny,20
crap,2
i-95n,2
truthfully,1
inhumans,1
encounter,2
crowd,1
alliesforblacklives,1
2raise,1
deathpenalty,1
finger,1
..,33
plannedparenthood,1
chauvinist,1
donaldduck,1
americad,1
lee,1
taxpayer,3
commonâ¦,1
swap,1
marijuana,7
worker,3
bestoftheweek,1
odds,1
legal,1
put,5
marketing,3
roof,1
died,2
jeffery,2
named,1
narrative,4
declared,4
uber,1
staging,1
denial,9
tea,1
career,1
ebook,1
married,1
unpresidented,5
louisville,1
melted,2
jo,2
despite,4
scumbag,3
demonstrated,1
mfer,1
defended,1
discovered,2
bernanke,2
inclusivity,3
annihilated,1
towards,12
prejudice,4
biggotry,1
rapist,8
jarodtaylor,1
venue,1
__luicalibre__,1
miami,8
touch,2
packed,1
woodrow,1
mentalhealth,1
impo,1
ideology,3
perpetuates,1
everydayheroes,1
answer,6
remove,3
cou,4
've,18
deplâ¦,1
catholicchurch,1
payday,1
dumbism,1
arise,1
bodyimage,1
notracist,1
dig,2
gravity,2
birdsofafeather,2
wow,9
destroy,6
repoingsystem,1
sliding,1
72,1
flashbackfriday,1
normal,2
lied,1
sexy,7
homophobe,3
pa,14
christiaâ¦,1
dictator,3
humiliated,3
least,4
pakis,1
donaldtrump,9
created,1
outlet,2
ableism,4
9.5,1
helping,2
kitchen,2
--,3
hatred,31
helm,1
heard,5
hairly,1
repetitive,1
youtube,3
putinplant,1
newyearseve,5
march,3
suppression,1
respond,2
killer,2
witness,1
areclueless,1
hoe,1
ago,5
featuring,1
europe,5
staup,2
beauty,2
bangladeshi,1
russian,3
week,6
bustyescos,1
anarchism,1
office,6
12/31.3,1
9/11,1
tpc,2
critical,1
mud,1
altogether,1
quantico,2
evolution,3
echo,2
convo,1
20,2
...,157
cowardcopsâ¦,2
required,1
bold,1
reson,1
consequence,2
factâ¦,2
âºwhy,1
idiot,10
naâ¦,1
competâ¦,1
block,4
ya,4
ating,1
bigot,33
issue,8
kettled,1
war,15
seems,8
serving,1
treat,5
rampant,1
baptized,1
bye,2
'journo,2
tlot,4
cunt,1
study,1
veteran,1
act,32
happen,1
wig,1
beer,1
idea,8
promotion,1
colinpowell,2
humanity,6
doublestanâ¦,1
facepalm,2
phone,1
unprecedented,1
peruvian,1
rousey,2
fred,3
teamsuperjuniorâ¦,5
horribly,2
reich,1
draftdodger,1
misogynist,22
forced,2
âenemiesâ,1
japan,12
love,29
distinguished,1
yep,1
profiled,1
crude,2
brother,5
enjoy,2
responded,2
place,4
empowerd,1
didnât,1
mind,5
india,6
former,2
many,23
pointer,1
cannabis,1
denied,1
beyond,3
wise,1
rose,2
blogpost,2
ukraineâs,1
based,4
dying,3
netanyahuspeech,1
retweet,61
anti-morality,1
chose,2
tuned,1
andrew,1
stripe,1
intelligence,1
'd,10
complained,2
nobelprize,1
occur,2
economicapahied,2
economy,1
metoo,1
org,1
lesbian,1
rest,8
chepstow,1
blackvote,1
sheet,2
golfâ¦,1
'do,1
ã,1
austin,2
middle,2
hollaback,1
agitator,1
diagram,1
n-word,1
mrs.,1
bigotryâ¦,1
kevin,4
pussygrabberinchief,1
merica,1
newyorkâ¦,4
retweetâ¦,6
70,1
thependulum,2
topless,1
associated,1
much,22
word-salad,1
justicereform,2
dems,2
bringbackpage3,1
infantile,1
bikini,1
oh,7
substantive,1
objectification,1
harbaugh,1
phenomenon,1
fare,1
newyear,10
spam,1
editor,1
straya,1
nano,1
funeral,1
whiteland,1
consumer,1
christian,12
flattering,1
peh,1
oldwoman,1
unbelievable,4
sexpredator,1
cspan,1
riding,1
anything,7
sexuality,1
little,5
christmaseve,3
commercial,5
fascistdemocracy,1
leaver,1
bonus,3
sisterinlaw,1
socialjustice,3
sake,1
yr,6
cold,4
sickening,1
topoli,1
â¡,1
projection,4
sand,1
2016â¦,2
kelly,1
european,2
accusation,2
orgasmic,1
mailbox,1
revealed,1
altright,17
thanks,32
teapay,2
attempted,1
left,9
fabricate,1
wwii,1
weirdo,2
wall,11
worried,1
problem,14
arnt,1
westerncape,2
prank,1
indecent,1
could,12
spark,6
kaaba,1
colouâ¦,1
antisemite,1
moved,1
subhuman,1
reveals,5
berniebros,1
Â£7,1
plettenburgbay,2
wont,2
checked,3
identity,1
endhateâ¦,1
discussing,2
curse,1
intercourse,1
grabyourwallet,1
waronchristmas,1
skinny,1
peotus,1
vegan,1
lot,8
coronial,2
demagoguery,1
stepmom,1
connecting,2
longer,3
vogue,1
nuclear,1
blackman,1
greenspanâs,2
listen,57
incompitent,1
sticker,1
speak,10
pro-rapist,1
sharing,1
profit,2
talent,1
decade,8
orlando,2
whitegenocide,5
retail,1
whicâ¦,1
please,23
jgirl,1
80snostalgia,1
insult,5
harasser,1
13thdocumentary,1
yoyas,1
â,1
arm,3
fun,3
israeli,7
manipur,1
teambts,14
creating,1
belief,8
animalrights,1
anacoes,1
manifestdestiny,1
door,2
build,3
useless,1
preference,1
grab,2
360,1
horrific,1
thyini,2
jackal,2
mtv,4
supermistict,1
1.48,2
apaheid,5
sajnani,1
plan,5
Ø¹Ùâ¦,1
alapoet,1
tho,4
shout,1
wage,1
whitepeople,9
moviefone,1
reefer,1
berlinattack,1
stoppeâ¦,3
net,1
french,1
lithuania,1
marx,4
smth,1
carlpalidino,1
whiteprivilege,7
teenager,2
jacket,1
progresverebel,1
encouraging,1
unitedstateschampion,1
cussed,1
trumpleaks,1
talking,11
irritation,1
cnnâ¦,1
get,51
tip,2
lifestyle,1
japanese,3
'own,1
tamanna,1
moto,1
sabotage,1
daily,21
pedophilia,5
satisfy,1
evan,1
adultery,6
kentucky,5
skin,4
mater,2
wonderful,2
pornstars,1
onâ¦,3
neoliberalism,1
charity,1
easier,1
ht,2
burma,1
shame,3
publicpolicy,1
react,1
worse,2
intervene,1
kingconrad,1
victoria,1
posted,2
stomping,48
ageism,2
lumpy,6
mediaâ¦,1
merge,1
atheist.â¦,1
â¡ï¸,1
unite,1
till,2
minoritypresident,1
gaza,1
'system,1
dy,2
healing,7
hitlerjugend,1
extinction,1
culturesways,1
chihuahua,1
reminding,1
doesnt,1
2016in4â¦,1
justice,9
pauline,1
ri,1
extremist,6
somebody,1
hole=,1
mo,2
bet,1
st.louis,1
republican,17
bread,3
sucksâ¦,1
josephjett,2
incest,5
decolonizing,1
ofc,2
almost,4
ufc207,1
likeâ¦,2
nationality,2
jan.,3
twitter,8
83,1
unlike,1
camron,1
voting,3
antiblackness,4
housewife,1
ohhhh,1
rally,2
buttholemouth,1
cell,1
threatening,3
proudly,1
bailey=,1
addâ¦,1
attend,1
biopolitics,1
erased,2
outside,3
suggest,1
aicles,2
send,6
trying,8
code,1
uae,1
'we,1
lazy,1
monger,1
'70,3
spos,1
innâ¦,1
.that,2
sweepâ,1
remains,1
candide,2
guide,2
misconception,1
perform,1
salt,2
tacky,1
op,1
13th,2
damon,1
sketch,1
pueorico,3
whitewashing,2
conâ¦,1
hit,1
racistâ,1
5wordtrumplethinskin,1
qatar,1
iran,2
wish-list,1
farmer,1
gazza,1
danger,3
photo,4
ellen,1
putinpuppet,1
guaranteed,1
chosen,3
islamic,9
ignoring,1
harmful,1
dc,1
hopefully,1
men,46
euref,3
failure,2
arrests/60mill,1
bit,7
district,3
bama,2
resolution,3
summer,1
gaslighting,3
turn,5
2017in3wordsâ¦,1
fully,1
rife,2
aware,2
16-25,2
internet,1
rant,5
zionazi,2
handwritten,1
âmissing,1
responsibility,1
knock,1
forecasted,1
citizenaction,1
megyn,1
anyway,1
feminismâ¦,1
'too,1
municipality,1
whitesupremacists,1
jonjo,1
expes,1
celebritydeath,1
deplorable,4
loving,4
mama,1
defending,3
nonazis,1
met,3
bollywoodâ¦,2
unfounately,1
even,23
showing,4
mast,4
bloated,1
mr,3
route66,2
materials.â¦,1
painting,1
decided,3
used,6
defunding,2
fauxnews,1
prop,2
fear,14
genocide,5
embrace,1
irrefutable,1
deserve,1
damned,2
lousy,1
easteuropeans,1
exists,2
tbt,1
centre,1
mummersparade,3
ultranationalism,1
postholiday,1
radical,1
dismantling,1
power,11
lawmaker,1
legislature,1
remark,16
dvbmultimediagroup,1
tattler,1
sciencefiction,1
outsider,1
influence,1
resolve,1
english,2
anti-semitic,2
trumpusa,4
trample,1
ordered,1
inmate,2
leaf,1
calling,10
journos,1
prosecuted,1
enduring,3
mansplaining,2
pre-crime,1
requirement,2
gave,1
eu,4
conormcgregor,1
aufstehn,1
fragile,1
govt,2
ddnt,1
disallowd,1
nunes,2
void,1
altrightcards,1
bringing,2
goppropaganda,1
logic,4
mispronouncing,1
mf,2
falsenarrative,1
obamanation,1
pretty,4
whitesheet,1
prisonâ¡ï¸,2
jewishjokeâ¦,1
sexualassultâ¦,1
thin,2
intersectional,1
missing,2
terrorattack,1
racial,8
moi,1
anyone,8
deâ¦,1
great,28
escaped,2
acceptable,4
become,7
jumpedtheshark,1
discrimination,12
drop,1
situation,1
dogwhistle,2
dreamâ¦,1
rating,1
absolute,1
celebrity,2
pennyloafer,1
astrology,1
blackonblack,2
whitesboro,1
jackass,1
bias,1
opkillingbay,2
smh,5
threatened,1
'damn,1
putinism,1
warning,1
fan,10
exclusive,2
31,1
pâ¦,1
springst,1
negligence,3
d.w.,1
blocked,2
commie,2
ceain,2
harvardsq,1
makeamericagreatagain,2
retard,2
protester,1
terrorist,9
customer,3
choose,3
ignored,20
devil,1
trumpconaist,1
inadequate,1
servant,3
penis,1
commonwealth,1
definitely,3
promoting,4
restaurant,1
kindness,3
scary,2
oven,1
httâ¦,4
sophisticated,1
excellent,5
1-4-2017,2
adhan,1
occurredâjust,3
pastor,3
w/out,3
adamitv,1
'alt-right,2
fl,1
hvg,1
deafed,1
gf,1
shuckin'andjivin,1
putin.â¦,1
stunning,1
general,2
incident,2
april,1
taxevader,1
lgbti,2
narrow,1
fundeâ¦,1
donuldtrump,1
january,3
schuster,1
buffalo.â¦,1
blacksagainsttrump,1
holiday,6
+4,1
resilience,1
celtic,2
pipe,1
ad,9
feliz2017,1
slutty,1
jibe,1
pamgelleheracist,1
character,2
haha,3
christmas,19
raceplay,1
lovebeingalegend,1
anger,1
emojis,2
stellar,1
night,2
classified,1
reginald,1
3.42,1
insensitive,1
censorship,2
cool,3
without,11
intermittently,1
hatespeech,5
89/90,1
super,3
yusuf,1
ibooks,6
stupid,11
fooh,1
cymru,1
apologist,1
errand,1
paris,1
aleksandr,1
state,12
try,6
watch,8
solve,1
better,12
controversy,2
revenge,5
fascismo,1
amendment,2
waronwomen,1
titty,2
tremendous,1
crashed,2
adult,2
63,1
cute.â¦,1
bollywood,1
cowboy,3
turmoil,2
canadian,2
effective,2
wish,18
development,2
navy,1
ass,4
immature,2
council,4
moneyovermorals,1
none,4
mmiwg,1
slug,1
wâ¦,4
condemns,26
megaupload,1
four,2
killallwhitemen,1
entitlement,1
voice,2
message,12
reading,9
condition,1
fâ¦,1
sin,1
aftr,1
opkillingbayã,3
hotline,1
womensordinationâ¦,1
written,1
marvel,1
fry,2
thecove,4
lgbt,6
trht,1
mongering,1
obamas,11
raising,1
marxist,2
.dumb,1
lockerroomtalk,1
attempt,1
insanity,1
ifâ¦,1
drink,2
list,10
infamous,1
tweeted,2
fire,5
bondage,1
ahead,2
tube,2
steubenville,1
mentioning,1
inter-terrestrial,1
gov,2
closed,1
harmless,1
nelsonmandela,1
mon,1
mutual,1
plz,5
fool,6
web,1
ran,2
con,2
liberallogic,1
home,11
reliability,1
legend,2
attorneygeneral,2
latent,1
champ,2
duca,1
'dark,1
space,5
effo,2
renowned,4
sum,2
dickhole,1
naacp,1
disgusting,11
bracelet,1
discriminating,2
behavior,2
nutshell,1
especially,4
donation,3
provide,1
pamelaramseytaylor,2
ellicottsquarebuilding,1
discourse,1
chronic,1
manchester,1
4maps,1
brief,3
kerala,1
putinsbitch,1
hard,10
exist,2
awarded,1
popefrancis,1
distraction,1
play,8
'build,2
tear,1
enjoyable,1
istanbul,1
60,3
tuckercarlson,2
da,6
event,1
regas,1
worlddanger,1
deltaairlines,1
labour,1
agreed,2
mccain,1
american,34
carolina,1
74,1
shade,1
buy,5
unfittobeinpublicoffice,1
obamacare,1
eod,1
soccer,2
commit,1
hire,4
buddy,5
freedownload,1
bought,2
arrest,4
literally,1
wud,3
dummy,1
resign,6
network,1
new,69
boricua,12
whaling,1
race-mix,2
slap,2
hashtag,2
southern,3
scrub,3
muslimbrotherhood,1
literacy,1
happier,1
64.2,7
intention,1
sblaar16,1
wen,1
enteainment,1
votersuppression,1
zeenews,1
aboion,2
thirdworldcanada,1
h20,1
2016iâ¦,1
kenya,2
indian,6
championed,1
thwaed,1
truly,4
convinced,2
inhumaneâ¦,1
entering,2
trafficking,1
fell,2
onlywhitechristmas,1
amy,1
'reverse,2
disgraced,2
alexpascal,1
lds,2
ten,1
xian,4
ãã,1
endofcivilization,1
hair,6
excrement,1
happy,12
ceased,1
noise,1
increased,1
pizzagate,1
uschampion,1
zionazis,4
dive,1
equivalent,1
treason.â¦,1
busiâ¦,1
winner,5
micheleobama,1
wanted,2
passed,3
blasting,1
digged,1
blackperson,1
city,7
islamaphobic,1
obstacle,1
rare,1
nohope,1
toures,2
disgusted,1
herb,1
son,6
becomes,1
owes,1
hey,12
didâ¦,2
nudity,1
talk,8
global,3
hillarylost.â¦,1
subversive,1
oust,2
feminismiscancer,20
trumpproofamerica,1
pupil,1
amerikkka,2
itz,1
downwiththetriarchy,1
shocking,2
totally,2
live,20
celebrating,1
smoke,1
news,20
seat,3
kumbaya,2
response,7
3.99,1
pre-programmed,2
trumpuniversity,1
thefutureisfemale,1
kickitout,1
trentmaysâ¦,1
bootsâ,1
neo,1
caoonish,1
damage,1
drug,1
tonight,1
vetting,1
primed,1
stronger,1
sign,7
expressed,1
union,2
tasar,1
maryland,1
authoritarian,1
sara,1
chelski,2
resigned,2
marathi,1
foretold,1
kind,13
......,2
term,9
xenopbobiaâ¦,1
unappetizing,2
whilst,4
university,5
nsfw,2
caught,3
countdown,1
slander,3
illegalisraelisettlements,2
want,33
infidel,1
'dolled,1
process,1
criticism,7
cbc,1
'gorilla,2
step,2
alternet,1
confirm,1
sizes/cuts,1
denzelwashington,1
italian,2
tiesto,1
filth,1
listened,1
project,1
anywayâ¦,1
littering,2
showed,1
joseon,4
illegal,5
defender,1
seek,1
kindleunlimited,1
blessedt,1
application,2
eyetalian,1
lowest,1
tsa,1
hispters,1
key,2
york,5
â,1
bailey,1
garbage,3
bestfeature,1
via,42
senate,1
nye16,1
byâ¦,1
type,6
virginia,3
boil,1
hrc,4
criticsâ¦â¦,1
harassment,6
narcissimâ,1
milwaukee,1
film,1
notmypresidnet,1
myanmar,3
racially,2
challengingâ¦,1
polygeny,1
well-educated,1
sovereignty,1
malema,2
aidingenemies,2
trumpworld,3
credit,1
confused,1
projecting,2
tony,3
mcconnell,2
unscripted,1
perfect,3
disingenuous,1
huh,2
prooâ¦,1
learned,3
brutality,3
â¬,3
plutocrat,2
intelligent,1
fatherhood,1
serf,2
katiesikphoto,1
âï¸,1
ux,1
wasted,2
ouch,2
defeat,2
anti-black,1
self-hating,1
zionist,3
nigeriaâ¦,2
rhashtags,1
kimburrell,1
generationkkk,1
oppress,1
notamericaschoice,1
sme,1
wmn,1
girl,49
rightie,1
gone,4
georgia,2
victimhood,1
menorah,2
egg,1
bigoted,3
leadership,21
waiting,3
fearâ¦,1
institutionalized,1
editorial,1
jolly,1
raging,1
boycottjcpenney,1
farah,1
grave,1
accident,1
oprollredroll,1
half,5
hmmm,1
childabuse,1
political,3
straght,1
~7,1
misogony,1
fine,3
republicantrash,1
openly,5
south,7
ukraine,1
coal,4
pressure,1
grandmother,1
douchewaffle,1
reinstated,1
yup,2
language,5
womenwednesdayâ¦,1
opposition,6
manager,1
classy,2
worldview,1
eacâ¦,1
bacon,2
america,54
bcot,1
fabulous,1
empire,2
violent,5
foxnews,2
jew,24
plate,1
deal,6
voter,7
looking,4
wonder,4
laughing,1
warmonger,1
perpetuating,1
govegan,1
andysessions,1
bitching,2
oral,1
18,1
illegally,1
berating,1
ideal,1
â,4
lâ¦,2
poster,1
bailreform,1
defend,1
back,27
câ¦,1
whiter,1
treasonoustrump,4
âislamic,2
asshole,9
timwise,1
community,8
43.,1
't,1
metric,1
chaos,2
rock,1
hot,6
tattoo,1
did/do,1
odd,2
hero,3
lead,3
ifyourenotwhiteyourenotracist,1
norman,1
slash,1
buffalo,9
slogan,1
machine,1
inuit,2
paying,2
youngturks,1
tried,1
â¢,1
game,11
carlpaladino,15
2016inâ¦,1
venezuela,1
survey,1
juice,1
avitar,1
narcissistic,1
nohate,1
blackpeople,2
tomlin,1
firstnations,1
claycountydevelopmentcorp,1
iâve,3
lose,3
sided,1
saleh,3
james,2
todayÂs,1
krakow,1
cbc2017,1
rate,2
choke,1
buddhism,1
shyan,2
sympathiser,1
role,3
disappointed,5
him.he,1
miss,6
jealousy,1
fishburn,1
htâ¦,7
thefuture,1
story,10
engage,2
prevalent,1
lgbtq,1
wouldnt,2
nofur,1
teamsuperjunior,7
tyranny,1
head,3
prolapsed,1
master,1
cabinet,1
âcharles,3
hooked,1
british,1
grenade,1
elxn42,1
sainsburys,1
lt,6
bradshaw,1
keepyoureyesontheprize-mlk,1
mixed,2
familycircus,1
anonymous,2
understand,6
uniting,1
huffington,1
bn,1
exit,2
expose,4
eah,5
bunch,2
destroyed,3
bruh,1
hour,2
covering,2
qualified,1
burmese,1
lie,10
stopsexism,1
whitepower,2
brazilian,1
dispose,3
suppoer,3
irishman,1
wade,1
not,201
largely-unrepentant,1
jake,1
adves,1
stuffed,1
w/usâ¦,2
mrminority,1
breathe,1
poweothewomen,1
refers,1
bin,1
nation,5
traffic,4
manhate,1
fails,1
lmfao,1
kwanzaa,2
driver,4
wakeup,1
scifi,1
ongoing,1
check,7
speech,5
properly,1
pseudoscience,1
rupemurdoch,1
annoy,1
ultimately,2
libcrib,2
ale,3
afamhist,1
let,29
+5,2
equality,19
btw,3
attention,5
won-they,11
loss,2
vp,1
bolt,1
10,8
cable,1
ban,1
release,2
midtown,1
con-job,1
serious,2
eurosceptic,1
24/7,1
malvern,1
yelling,1
panther,1
far,9
triggeredâ¦,1
iconic,4
-s,2
acab,3
hypocritical,1
bureau,1
gandhi,2
favourite,1
ethnically,1
usâ¦,1
nevr,1
bilal,1
existed,1
affectionately,1
policing,3
scatter,1
dankmemes,1
governor,1
flippant,1
loudly,1
tyâ¦,3
continues,1
theresistance,12
spew,2
dare,6
headlock,1
taxwriteoff,1
expat,5
fed,1
boycotttigerwoods,1
gop,10
potential,1
god,11
traâ¦,2
âcrusaderâ,2
hamza,1
base,1
child,14
patriarchal,1
nokkk,1
tolerance,1
641.715.3640,1
wailed,1
mercy.â¦,1
msm,3
mistake,2
ruin,1
compensatory,1
lulic,1
prospect,1
latino,1
mass,3
selah,2
shâ¦,2
newyorker,1
madness,1
teammichaelpalage,1
biherism,2
dipshit,1
guardian,2
nope,1
gt,11
growing,2
seahawks,1
control,1
syndrome,2
roughly,1
survivor,1
fyi,2
popular,3
happyholidaysâ¦,1
700,1
person,17
insulting,1
``,143
intrumpsamerica,1
juan,1
hitting,1
bigotry,20
inter-racial,2
arc,1
"400,000",1
2stand,1
victory,1
born,3
launching,1
immanuelâ,1
qualification,1
path,2
socialist,2
fighting,1
mere,2
deploying,1
starspangledbanner,1
relation,2
constantly,1
racewarchess,1
icymi,2
racists.â¦,1
blood,2
mmusimaimane,3
belly-up,1
wohless,1
confederate,1
reach,1
elitist,3
bitter,3
movie-mad,1
howell,1
scam,2
reversed,1
largely,1
sold,1
swear,1
bomb,1
basically,1
predatorâ¦,1
racebaiting,1
despise,2
sheep,1
eren,1
hammock,1
pelosi,1
duke,1
crazybengiefbps,1
marry,1
lid,1
uskkk,1
chat,1
thats,10
actually,3
rapacious,4
transphobia,1
natural,2
tefugeeswelcome,1
iqg,1
amount,1
africanamerican,1
refugeeswelcome,4
womensmarch,1
officerstaff,2
j.c,1
exposed,3
request,1
ronda,1
acceptable.â¦,1
as,11
snap,2
followme,1
empress,1
idolized,1
producer,3
anti-semite,2
expect,5
segregation,2
millennials,2
jcpenney,1
atwater,1
kkk+,1
teeth,1
toured,1
isrâ¦,1
nigger,9
enemy,5
tweet,17
feb,1
houston,1
seattle,1
possibleâ¦,1
congress,2
nominee,1
explain,4
burning,1
mediocre,1
link,1
verizon,1
didnot,1
betrayed,1
scapelliti,2
mayor,2
opendemocracy,1
past,5
today,16
inauguration~,3
cooper,1
childrenofcolor,1
hateâ¦,1
campaign,10
sâ¦,4
|â¦,2
rebellion,4
orange,2
gender,8
station,3
policebrutality,4
struggle,1
say,58
everyone,12
offensive,4
winger,1
itstheendoftheworldand,1
backlash,3
took,2
force,5
emiratiâ¦,1
melo,1
theyre,1
mock,1
rip,2
hood,4
exposeracism,1
republic,1
brownshi,1
wed,2
homophobic,13
apparently,6
rhetoric,3
chair,3
delusional,1
citizenry,1
dystopian,6
didnt,2
continue,2
boot,3
wisconsin-madison,1
women-related,1
volunteer,1
tyruswong,1
survived,1
resignationâ,4
grassrootsaction,1
maria,1
humiliating,1
distinct,1
peopleâ,5
color,11
islamicradicals,1
refuse,2
architecture,1
others,12
in2017iwantto,1
questioned,1
lib,1
thanksjackasses,1
psa,3
accuse,1
biblical,3
kaepernick,3
historic,3
mental,2
gfy,1
removed,2
disenfranchised,1
crime,4
doubletree,1
theistic,1
wlk,1
shop,1
geographic,2
interacts,1
dâ¦,2
opposite,1
aquifer,1
controlled,2
lazioâ¦,1
anywhere,4
2017in3words,2
homophobia-enablin,1
vanilla,1
basketball,1
advice,4
deathwish,1
help,17
hyena,1
disdain,1
site,4
keyboard,1
korean,6
marco,1
felt,1
country,20
assault,7
ââall,1
spend,1
whiteslavers,1
dinosaur,1
thekingsspeech,1
alleges,1
sandyhook,1
2016.â¦,1
bates,1
liâ¦,1
trumpdarkzone,1
graduated,1
kot,1
igmilitia,1
ending,1
ccot,2
neve,1
substantially,1
lobotomy,1
egregious,1
u,58
indignenous,2
littleenglander,1
adam,5
us.shootings,1
sniff,1
another,11
actively,1
fakenewsale,1
joke,14
sjwlogic,1
reappraise,1
concur,2
alcoholic,1
systemic,9
itâ¦maybe,1
nm,1
video,50
canuck,2
songwords,1
pulled,1
major,2
perry,4
blacklivesmatters,2
omg,4
semantics,1
host,3
view,2
lol,8
whiteprivelage,1
officer,12
nationalaâ¦,1
designed,1
tyler,4
islam,12
describe,1
milo,6
advocate,3
antic,1
tucker,1
bot,1
objectify,1
effect,6
versace,3
100k,1
push,1
neverump,6
golf,1
audism,1
height,1
audiblechannels,4
nofear,1
morning,2
disgrace,2
side,1
target,7
draining,1
insane,4
rat,2
blogger,1
shill,2
feaâ¦,1
rsf,2
racisâ¦,3
qusay,1
racism,61
perhaps,6
remote,1
564943,1
fearlessly,1
corruption,5
inequity,2
conflates,2
'll,5
proven,1
spot,1
unintentionally,1
daâ¦,1
obviously,1
12mill,1
tooâ¦,1
talented,1
table,1
endorses,2
notrump,1
....,10
bihcontrol,1
environmental,6
'racism,2
malia,2
agenda,4
selectionâ¦,1
activist,5
player,1
ref,2
overcome,2
6-year-olds,1
economicsanctions,1
regarding,4
huâ¦,1
paladinoâs,1
needed,5
tarnishing,1
boycott,16
eco,1
britainâs,1
grew,2
inâ¦,1
almostâ¦,1
fo,4
trumpas,1
announces,2
westerner,2
dignity,1
politicalmillennial,1
welsing,1
policeman,1
affair,1
adveisments,1
rather,3
9:40pm,1
facility,2
johnrkhoward,1
hole,3
interesting,1
koetankauk,1
greatness,2
libtard-,1
alt,2
leave,7
craving,1
yo,2
jobâ,1
cuomo,2
apostolis,1
99c/99p,3
jesus,3
seashepherd,22
nobdy,1
misogyny/,1
dear,10
bml,1
definitive,1
progressive,6
gang,1
copkiller,1
alcohol,1
medium,25
capability,1
selected,1
changed,2
roughwaters,1
uneducated,1
homicide,2
kindle,2
w/o,5
scared,2
plight,1
spokesperson,1
trophy,2
demo,4
wrongful,1
losing,1
lanâ¦,1
david,2
reverse,3
poopin,2
'',139
race,42
drinkdark,1
attacked,3
âout,1
kissmyarse,1
reflects,1
iswarâ¦,1
guilty,4
jind,1
affected,1
repoer,2
flag,9
espn,1
yehtut,2
protection,1
hâ¦,4
conversation,1
realized,3
w/b,1
hawk,1
county,1
swiftly,7
draintheswamp,3
oppounity,2
knicks,1
metaphorâ¦,1
come,21
break,1
swampmonster,1
faâ¦,1
agree,9
congressman,1
dream,1
interest,2
damonsajnani,1
consideration,1
vocabulary,1
bashing,2
libtard,148
genderinequality,1
lgbtfamily,1
stab,1
mike,1
supremely,1
parentage,1
multiple,3
1996,1
trumphate,1
thegreenpalmcottage,2
tedtalks,5
slice,2
clear,2
liveleap,1
codeword,1
murdering,6
seeking,1
complementarian,1
illustrated,1
banned,2
bullshit,3
havin,1
ultra,2
selfie,3
arabic,6
egomaniac,1
wtfâ¦,1
form,5
wwi,1
publicly,2
falseequavalency,1
temple,26
joint,1
e.,1
land,6
palestine,4
gladshesgone,1
w/herford,1
politician,5
southafrica,13
acknowledge,1
washout,1
bout,3
mogage,1
exaggeration,1
beware,3
usher,2
democrat,7
demanding,1
preying,1
divider,1
hopeful,4
presidentelect,2
douchebag,3
critiquing,1
kajal,1
gorilla,4
colleague,2
wwwsmallgirlsexcom,1
provoking,1
smell,2
saâ¦,1
either,6
criminal,6
childrape,1
candid,1
nafrisâ¦,1
berberian,1
ethnocentrism,4
rhoaâ¦,1
disrespectful,2
starbucks,1
hc,1
repoed,3
climateâ¦,1
'kill,3
bash,1
law,7
mature,1
dkpol,1
brought,1
emboldened,2
ferguson,1
studied,1
deeper,1
condone,2
joie,2
strangely,1
resource,2
glad,2
pas,2
unforgettable,1
press,4
claimed.â¦,2
1.,2
æç°è³çã,1
joseph,1
controversial,3
marginalised,1
bag,2
infection,1
row,1
wife,6
techjunkiejh,3
period,3
withoâ¦,1
purpose,4
true,12
nojustice,1
b4,1
whiteman,1
defines,2
sjws,1
twisted,1
mafuckas,1
iamnotabe,1
lateâ¦,1
given,6
stance,1
anslinger,1
coming,5
equal,5
limiting,1
trampled,1
levin,1
crapsac,1
âstick,1
womenvote,3
endless,2
sad,12
test,2
homosex,1
sends,2
camp,1
kkk,22
massive,3
salad,2
loses,1
w/saying,1
blueeyesbrowneyes,1
videogames,1
narcissist,2
shamâ¦,1
'constrained,1
tainting,1
sdgs,1
senad,1
valid,3
whining,1
burninhell,1
mystery,1
cjreform,1
tory,3
time,30
socially,3
looseâ,2
guessing,1
amwriting,3
condoleezzarice,2
marine,1
candidate,1
dl,1
cretin,3
âlet,2
previous,1
braid,1
solved,1
flapping,2
joy,2
ranting,1
tv,4
shopping,2
epitomeofsorrow,1
bagdad,1
antisemitic,1
claiming,1
bitch,4
gift,1
arrogant,2
somehow,1
healand,1
intend,1
fuher,1
homegrown,1
quickly,1
cent,1
londonâ¦,1
choked,1
zeroattacks,1
religionofpeace,1
âª,1
jail,2
defeated,1
stir,1
pathetic,2
uniteblue,2
boyden,1
exemplifies,1
new-,1
accepting,1
99c/99pâ¦,2
tht,1
challenge,1
legitimizing,1
deliberately,2
lmao,1
anxiety,1
creature,1
failing,1
pc,2
jean,1
ta,1
mosque,1
one,50
dem,3
terrorismâ,2
using,4
word,30
filthy,1
transformation,6
uspoli,1
buddhist,1
coverups,2
living,1
anti-semitism,4
bethlehem,1
teaching,2
billion,2
coverage,3
drown,1
xxx,2
clintonâs,1
striker,1
punk,1
afp,2
mcdonalds,1
mp,1
owâ¦,1
fucktrump,3
unsatisfied,1
shopper,1
colt,2
call-in,1
liked,1
fired,10
genderstereotypes,1
ever,23
paranormal-,1
classism,3
occupation,1
sorry,3
bdsm,1
goon,1
population,1
recently,1
mine,2
tossing,1
wso,26
uday,1
harmâ¦,1
empowerment,1
aloha,1
fit,1
ebonics,1
resultant,1
accountable,1
reconsider,1
dont,4
glitter,1
backhander,1
relative,2
'em,2
label,1
mgtâ¦,1
standing,3
whitefish,2
colored,1
6:30,1
mad,11
explains,2
promote,7
collectively,1
hunger,5
â¢,1
combined,1
self-loathing,1
twitterbot,1
gracious,1
standwithisrael,1
rejected,8
homophobia,4
physical,2
censored,1
reading/buying,1
abouâ¦,1
feminismmuktbharat,20
reflect,1
learning,2
sdoh,1
takuyakimura,2
cheer,3
ouuh,1
since,3
radio,2
cleveland,5
wypipo,3
orâ¦,1
clio,1
'wish,2
capitalist,1
apologize,2
ghostbusters,1
done,15
mormonism,2
scrutinize,2
waitingf,2
soreloser,1
notmyprez,1
final,1
approval,1
obama,70
dts,1
mizzou,1
sure,3
ppl,11
legacy,1
grabbing,1
idiocracy,1
prisoner,1
Ã¨,2
arabian,1
âape,2
dismantle,3
disadvantaged,1
uyanze,2
civil,4
democracy,4
cmon,1
nyc,5
savor,2
car,2
2016election,1
invited,2
oil,13
everywhere,2
deep,4
thisº,1
policebrutalityâ¦,2
class,8
beast,1
eye,4
brain,4
kickrocks,1
going,17
all-black,1
sexual,1
gene,1
dwyane,1
surrounded,1
wondered,1
sdlive,1
immediately,1
protect,1
onlyâ¦,1
glee,1
solution,1
respect,3
terming,1
researcher,1
ifyousawinyouwhatisee,1
realise,1
france,1
revolution,5
le,6
add,3
muzzies,1
vulgar,1
hyeâ¦,1
although,3
-_-,1
onelove,1
argues,1
oft,1
life,15
myoneresolution,1
misogny,2
psycho,1
becoming,2
reinforced,2
cnn,14
us.â¦,1
second,4
racismâ,1
buried,1
jlaw,1
2016in4wordsâ¦,8
token,1
13479,1
allow,3
symbol,1
kanyewest,1
lake,2
reducing,1
zuma,2
samwu,1
desire,2
neverdelta,1
shouâ¦,1
puppet,1
migitorio,1
mattruffâ¦,1
nowthattheholidaysaredone,1
black,146
masjid,1
following,5
jeff,6
donkey,6
employee,2
rima,1
urging,1
combat,8
b/c,6
upon,3
enablerâ¦,1
fooled,1
sunbury,1
nigga,4
due,3
hostility,1
regime,1
bake,1
mil,8
guard,1
blazing,1
sharp,2
sue,1
oops,3
clean,2
that.,1
sweetpotato,1
201â¦,1
cud,3
complementarianism,1
reg,1
unitednations,1
minute,3
mexican,6
referring,1
robinson,1
hiv,1
shitler,1
treated,1
dr.,2
intent,1
system,4
whiteâ¦,1
surprise,7
euro-conservatism,1
pound,1
hepburn,1
tupperwear,2
neonazis,2
eh,2
lynchingâ,1
hispanicvote,2
-â¦â¦,1
decide,1
imperialsm,2
stuff,3
defineepitome,1
cityjournal,1
hollywood,7
rapechucktoddâ¦,2
trade,1
loudest,1
thrive,1
everybody,2
pap,1
malcolm,1
wellduh,1
p21,2
britain,2
trust,2
change,12
qb,1
quota,1
appropriate,1
satire,1
isâ¦,2
1/2,1
complain,1
justsaying,1
hiding,1
name,6
scapegoat,1
peacein2017,1
1200,2
vandalised,26
cam,2
deafening,1
sma,1
meditation,2
280,1
cruel,2
quebec,3
peacekeeper,1
w/,6
main,5
wakemeupwhen,1
disparo,1
practice,4
palestinian,7
newâ¦,2
working,4
robbiewilliams,1
kiâ¦,1
husband,3
arab,3
common,4
arrested,3
doublestandard,1
woodrowwilson,1
â¦and,1
feared,1
2016.,1
terrible,1
nearly,2
slavery,7
darkness,1
'how,1
willâ¦,1
hope,20
spiced,2
returningcitizens,1
oligarch,2
doctor,1
opkkk,2
rightfully,1
sickening-,1
wake,3
stem,2
antisemtism,2
â¦â¦,19
shitty,3
furore,1
toward,1
v,4
professor,3
algona,1
garbagepailkids,1
id,4
blacklistinâ¦,1
building,1
nig,1
expression,1
post-brexit,2
tackling,1
spirituality,1
repping,1
studying,1
infant,1
seriously,6
trumpsamerica,5
foreign,1
cuz,1
bjork,1
dylann,1
plaster,2
politics,96
excluded,1
parent,3
catalunya,1
conference,1
kpop,1
freeway,1
inferior,2
fly,5
debate,4
secret,1
negative,1
foolish,1
socialjusâ¦,1
positive,3
appalling,1
simon,1
picturebangladeshi,1
medicine,1
group,8
speaks,2
simple,1
flight,9
blowjob,1
beâ¦,3
battle,1
nonprofitstatus,1
lanasprayberry,2
nazi,20
occupier,1
grp,2
Ùâ¦,1
condemn,1
families.â,1
paisanhack,1
remain,1
centred,1
chief,3
'cept,1
know,23
next,15
jumpsuit,1
often,4
putinschoice,13
sundown,2
trending,1
berlin,1
work,18
economicapaheid,1
false,2
~11,1
goodes,1
administration,1
ego,3
running,4
karachi,1
whiteisis,1
betterâ¦,1
interracial,2
gegenrechts,1
non-white,1
southsudan,2
crook,1
tcot,14
animation,1
majority,3
hatecrime,5
95,1
tinyhands,1
statement,6
marxism,1
landholding,5
rethinkdiscipline,1
1930s,1
book,17
4th,1
superior,1
employed,1
decriminalizâ¦,1
moredun,1
left-right,12
funded,2
watched,2
go,36
stl,2
chanapa,1
viâ¦,1
innate,1
happens,3
beauregard,2
msg,3
environmentalist,1
commonsense,2
philosopher,2
crack,2
lifeguard,1
ÑÐ,1
democraticpay,4
drfranciscresswelsing,1
equated,1
armenian,1
tenacity,1
humanrightswatch,1
upset,2
colourism,1
mc,7
bos,3
loteni,1
forward,2
wahhhh,1
academia,1
judea,1
loserpizza,1
humphrey,1
oscar,1
music,8
walked,1
interfering,1
immigrant,8
cuck,1
's,223
hug,2
realize,6
intolerance,2
screamingâ¦,1
sander,1
offer,5
measure,1
teach,5
equate,2
struggling,1
impoance,2
race-only,1
avoice,1
axed,2
womenmalayalam,2
truism,1
marrying,1
tax,2
material,1
600,2
nothing,25
ball,5
movementâs,1
definition,8
qualify,1
supremacist,1
9:46,1
thatâs,1
cancel,2
victimise,1
family,10
twonitwittrumpsuppoers,1
meltingpot,1
kitazato,1
waime,1
publicity,1
nyt,1
domÃ©nica,1
hackett,2
lass,1
watcâ¦,1
requires,1
movement,4
best,8
difference,4
embarrass,3
airline,2
blogging,1
radicalisation,5
argument,3
whâ¦,6
got,21
bankrupt,1
rapeculture,4
flyer,2
unabated,1
regular-ass,2
travelled,2
retweeted,1
humanrights,6
giveâ¦,1
iraq,1
evil,8
indoctrinating,1
dumbass,1
compassion,1
misogynistic,3
trumpocalypseâ¦,1
colonialism,6
welcome,4
.....,3
noting,1
realhousewives,1
shown,3
hag,1
antisemitism,8
âsaudi,1
ovr,1
d'etre,1
woke,1
tamirrice,1
heabreaking,1
pointed,1
whiteamerica,1
're,63
sound,4
remainers,1
fugly,1
blacklivesmatter,18
ark,1
refuted,2
saying,20
brandâ¦,1
kicking,1
gwot,1
2017.,1
scrap,1
private,1
nomandate,1
yield,1
rightist,1
sexting,1
coâ¦,1
unboâ¦,1
money,7
biased,1
newswithed,7
attract,1
review,1
adultedu,1
hypocriteâ¦,1
able,1
whose,1
riyadh,3
whitefragility,1
+8,1
calendar,1
capetown,1
dependent,1
thigh-high,1
karl,1
columbiamd,2
rainbow,1
heelsâ,2
suspend,1
corp,1
africa,7
kill,11
pay,26
everything,10
lgâ¦,1
uk,15
unequal,1
including,3
-d,1
fn,1
prostitute,2
fathersday,1
lovely,2
piss,4
na,9
right,32
federline,1
ear,1
murderer,1
pass,1
outrage,4
muthafucka,1
theyâre,1
bedifferent,1
joined,1
unloads,1
rabid,1
sister,1
anti-racist,1
slit,1
vengeance,1
woman,120
opinion,5
leftard,1
carolyn,1
poke,1
brand,4
publishing,2
crow,1
heâd,2
user,1
publicserviceannouncement,1
michigan,2
scream,2
usa2017,1
motherhood,1
twice,2
liberalisme,1
quick,2
medâ¦,1
tedatibm,4
netanyahou,1
body,5
sexest,1
vs.,6
cora,1
according,2
dutch,1
yousuck,1
thereâs,5
corporatebs,1
vestal,1
â¦,214
clickbait,1
town,3
non,5
murder,2
manspreadingâ¦,1
storytelling,2
update,1
heater,1
caucasian,1
streetfighter,1
mormon,1
naming,1
frnds,1
red,1
p2,6
freedom,6
ok,4
'rest,1
pig,11
unleashed,6
dnc,1
quietly,1
spanking,1
correlation,1
1:23,1
expe,1
charging,2
vaw,1
tribune,1
maimane,1
contender,1
divisive,2
emiratâ¦,1
redact,2
doctrine,1
inspiration,2
ag,8
hoodiesup,1
w/a,1
share,5
fatty,1
screaming,1
dugin,1
bistro,1
syria,4
radio2,1
pennsylvania,1
freethenipple,1
acted,1
ssn,1
microaggressions,3
history,22
surprised,6
round,1
specifically,1
known,1
'racist,2
whole,4
normalizing,4
truth,12
seeing,1
peâ¦,1
heaven,1
hacking,1
cathedral,1
boycottdelta,3
ur,8
wrong,8
merocrush,1
kicked,1
forgot,3
skank,1
paul,3
kindledeals,2
womenonly,1
aberrant,1
embodied,1
notfunny,1
willing,1
anti-,2
kinda,2
beat,2
stoned,1
allof,1
bless,1
neilerikson,1
sexoffender,1
jewish,7
stopracism,9
shoot,1
fox,2
lecture,2
making,4
tool,2
cover,3
provincial,1
noyulin,1
virgin,1
slur,5
'fake,2
poetry,1
rational,3
satanist,1
teamcancer,1
tedinstitute,1
tendency,1
feel,60
domesticviolence,1
save,3
rachelmaddow,1
stood,2
united,3
honestly,2
pple,1
msnbc,7
present,5
faced,3
djt,1
joemixon,1
fightlikeagirlâ¦,1
high,3
pick,5
issued,1
unacceptableâ¦,1
enabled,1
teen,5
aryan,1
minion,2
immigration,6
really,23
genuinely,1
trumpracist,1
online,1
fall,4
voicing,1
utterly,1
geared,1
merkel,1
sweep,1
heck,1
last,8
cross,2
white,151
lpc,1
oppressed,1
culpable,1
dictionary,4
presented,2
stop,39
front,1
highly-contested,3
beforesex,1
anti-racism,1
sick,9
nationalanthem,1
sheree,1
atsiâ¦,1
knew,5
awful,2
obvious,1
are-but,1
downâ¦,2
grows,1
homosexuality,1
comb-over,1
hanukkah,1
ok.â¦,1
dictate,1
heroine,1
âthe,1
returning,1
24hrs,1
isnât,1
trainâ¦,1
discoved,1
âdaily,1
broad,1
digits.â¦,1
raid,2
neocolonialism,1
kiss,2
sharpens,7
mailboxpride,1
racewar,2
good,33
inauguration,4
exactly,1
father,6
+12,1
blk,3
systemicracism,3
remember,4
â17,2
soon,2
donny,1
ivankatrump,2
fakenewsmedia,1
inequality,7
hr,4
refer,1
guzzling,1
animal,3
commutation,1
repo,3
morgan,1
closeted,1
fundamentalism,1
christmasadve,2
yorkers,2
ny,10
fluently,1
asap,1
error,1
hannity,1
meant,6
boricuaâ¦,12
raâ¦,4
crab,1
jimmy,3
comment,51
coffee,2
yiannopoulos,1
wing,3
11,1
beloy,3
germany,2
gotten,1
fucked,9
takin,1
etc,4
mario,1
year/8,1
rude,3
veiled,3
pornisforlosers,1
ex-councillor,2
hate-filled,1
originally,6
manus,2
fat,7
conaist,1
terror,3
skinhead,1
lackey,1
ethnicity,3
mannequinchallenge,1
write,5
nerd,1
strong,5
malay,1
coworker,2
chrismukkah,1
dumptrump,2
embraceyourself,1
citizen,4
slant,2
lede,2
greed,5
upsetting,1
tape,1
ç¦å³¶ã¿ãã,1
coulda,1
meaning,1
risk,2
mob,1
election,9
answered,1
janeelliot,2
birmingham,1
signofthetimes,1
leg,1
blog,4
window,1
quiet,1
kingfisher,1
world_campaign,1
antisemetic,1
bloggersblast,1
make,39
product,2
everytime,2
tell-all,1
smoking,3
tweet4taiji,3
unless,3
nomore,1
revoltingly,1
neutral,2
accept,6
cambma,1
stopthewars,1
strident,1
cker,1
hebrew,1
doubling,1
unjust,1
bring,2
deploraball,1
cop,6
evasion,1
us,2
lock,2
sob,2
wilfully,2
version,3
impeachtrump,1
ridiculously,1
snob,2
bind,2
judged,2
naturism,1
aleppo,1
coffin,1
innercity,1
boundary,2
waged,1
aptly,1
narcissism,1
rondarousey,3
smaller,1
25,2
prohibition,1
alllivesmatter,3
unfair,2
tragic,1
99c/â¦,1
universityofwisconsinmadison,1
race-traitors-,1
fascismâ¦,1
griffith,1
looked,2
motivate,2
business,15
saved,1
officerâ¦,1
represent,2
african,12
logo,1
topic,2
msdhu,1
journal,2
festive,1
flier,1
2016,35
omarosa,1
ed,1
screening,1
insteadâ¦,1
clarity,2
angry,4
appendix,1
cutsie,1
classroom,1
officially,3
goaded,2
camber,1
viaâ¦,3
hamid,2
traitorump,2
give,15
1pun,1
chant,3
losangeles,2
openâ¦â¦,1
nycÂ,1
day1â¦,1
scotus,1
emperor,1
assistant,2
native,1
bp,1
haveâ¦,2
familyâs,1
'problem,1
warsforoil,1
draw,2
shrouded,1
problemofwhiteness,1
indisputably,1
abusive,2
whoever,1
mt,5
âit,1
massincarceration,1
laid,2
allgrownup,1
netanyahu,3
buttoning,1
penney,1
iâ¦,1
whiteness,3
collection,1
inquiry,1
tit,1
firstfamily,1
information,2
boycotting,1
correct,4
suicide,2
treason,10
ai,7
documentary,1
ignorant,10
pattismith,1
strawberry,1
endorse,2
near,1
offended,2
market,5
nut,1
75,3
emiratisâ¦,8
acctâ¦,1
every,17
nytimes,2
incessant,2
bailed,2
straight,1
forâ¦,2
christianity,5
theview,1
cave,1
also,20
guncontrol,1
shooting,1
displaced,1
loâ¦,1
deplorables,3
imo,1
hilarious,1
news24,1
worst,10
chinese,4
/hatred,1
feeding,3
society,8
trumpisâ¦,1
sexist,10
unbornlivesmatter,1
enable,1
bald,1
fakequity,1
emâ¦,1
religion,14
sarcasmâ¦,1
oppressors/,1
beginning,5
wp,1
blacklivesmatterâ¦,1
movie,3
notice,4
resent,2
mrsâ¦,2
joe,4
cdnpoli,3
awesome,3
demoralizing,1
yiannopoulos.is,1
impact,2
trendolizer,1
angrygaymafia,1
spinning,1
minded,1
integrity,1
suppoing,5
charles,2
eg,1
breaking,1
fought,8
curriculum,1
blue,2
image,2
concept,5
âthe,2
honesty,1
internationallaw,1
kathy,1
poray,1
freshman,1
confession,3
vid,1
christmassy,1
warns,1
privileged,1
fullretard,1
circle,1
vote,12
sulfur,1
treacy,2
messenger,1
tiffany,1
abeed,1
melania,1
sea,19
vicious,1
macysâ¦,1
guy,29
enlightenment,3
among,3
condoning,1
p,1
rag,2
separate,1
analysis,2
deming,1
opposed,4
manning,1
islamophobia,12
buzzfeed,1
sikh,27
bitchesbelike,1
joking,4
relationship,3
jissus,1
need2know,1
jan.â¦,4
amazed,1
michelle,13
inconsequenâ¦,1
washington,1
free,17
culture,8
douchelord,1
played,2
42,1
biden,4
faisal,1
feâ¦,2
laurenduca,1
blm,34
negro,3
telling,8
hispanic,29
relied,1
unicef,1
hip,1
future,3
pre-ordered,2
.â¦,1
twitteâ¦,1
nbavote,1
timenow,1
sexualpredator,5
chance,2
steal,3
loyal,1
sm,1
et,2
pissedoffitalian,1
reject,4
fightback,1
terrorism,9
wouldnât,4
demonic,1
help.700+,2
industry,8
facebookâs,1
hitler,4
ally,16
rr,1
interview,2
recent,2
picture,5
guarani,1
bragged,1
burbank,1
maneuver,1
unchained,1
'm,39
corrupttrump,1
messi,3
communitystandards,1
saturdayblogshareâ¦,1
east,2
needsâ¦,1
///,1
doom,4
freemason,1
safety,2
happening,4
stupidity,4
abuse,11
internal,1
gb,2
usa,21
watching,3
within,4
jim,1
genius,2
ik,1
quote,4
long,6
psychological,2
overlap,2
politicsâ¦,1
u.s.,2
amrica,2
school,22
damning,1
himself.for,1
larger,1
crooked,1
rockette,1
hating,3
shocker,1
soros,3
phillysuppophilly,7
entreteiment,1
donât,1
reflected,1
muir,1
anc,7
nude,12
race-baiting,1
pol,1
happykwanzaa,1
duh,1
proved,3
accurately,1
wildest,2
'bout,1
nostrache,1
kitazatoshibasaburo,1
âi,1
throat,1
countered,1
aim,1
autocorrects,1
reveal,2
henrico,2
take,19
lord,1
sing,1
sic,1
leftist,5
debacle,1
cantankerous,1
coherently,1
ep,3
duck,1
2â¦,1
educate,3
gun,2
th,1
inse,1
hus,1
liz,2
2:30pmet,1
three,2
prove,3
laborviolations,1
cheap,1
destroying,1
appeared,1
rewrite,2
mascot,1
postion,1
whiteknight,1
disney/looney,1
comedy,4
tinyfingeredpuppet,1
clearly,4
close,6
supposed,1
mi,1
moronsmatter,1
nonsensâ¦,1
boycottaustralia,1
canpoli,1
relevant,5
coopting,1
tyrant,1
sooooo,1
educational,2
islamophobic,1
podcast,4
becominâ¦,1
cr,1
dumb,8
blind,2
obamalegacy,1
propey,1
peace,9
capone,1
sjw,74
toons-themed,1
meanwhile,1
200k,1
prick,1
stalking,2
greeting,1
peek,1
commenting,1
pro-palestine,1
along,2
2017,36
juvenilejustice,1
thesexismproject,1
pt,1
fang,7
lolol,1
'statement,1
stlouis,2
pls,1
asia,2
letter,1
5th,1
inflame,3
establishment,2
ârude,1
klux,1
african-american,2
comprehend,1
staff,5
datingapps,2
shameful,2
breast,1
stoptalking,1
transition,1
profiting,1
worksheet,1
two,3
illegitimate,2
colonisation,1
documented,3
vital,1
boarding,1
blatant,5
persecution,1
excuse,4
sociopathic,1
violence,6
chop,1
rehired,1
buggâ¦,1
merrychristmas,2
laugh,1
education,7
highstool,1
associate,1
sdob,1
koolaid,1
rape,13
big,8
gollybar,1
confined,1
dordarshan,1
deny,1
drs,1
science,6
beaten,1
facebook,3
nationalism,1
38billion,1
greenspan,2
mall,1
greatest,1
attitude,3
gay,6
shabbatshalom×§×§ã,1
antiegalitarianism,1
always,14
shocked,1
day,13
butâ¦,2
morality,1
surgical,1
thoughj,1
friend,8
posting,1
wilsonâs,1
emiratis,14
bewitched,3
notmypresidentâ¦,1
behaving,2
notmypres,4
supremacy,4
extraordinaire,1
chump,2
eat,3
labeling,1
surly,1
white-skinned,1
antiracism,20
principal,1
profiling,9
+9,1
eve,4
posing,1
crazy,6
100,2
catch,1
snatch,1
'the,2
propoganda,2
laughable,1
thread,3
fuckdonaldtrump,1
return,1
breakfast,1
room,2
theresamay,1
xenophobe,1
villy,1
arabsâ¦,1
smackdown,1
eugenie,1
mugabe,1
ache,1
uncivilised,1
sturgeon,2
riddance,3
disrespect,2
frat,1
amp,300
socialclass,1
thatâ¦,2
chinguas~,1
likely,3
thatÂ,1
misandry,1
canadianvalues,1
drugsâ¦,1
pro,1
bregret,1
petous,1
sir,2
scum,6
voteleave,1
dec,2
shackle,2
unstoppable,2
forcing,1
iconsâ,1
israeliã,1
causing,1
implication,1
rohingya,4
dangerous,7
claim,12
communism,2
theâ¦,4
basket,2
paladino,26
couple,5
viral,3
raison,1
richardspencer,3
illegals,1
representation,3
verified,1
allowed,6
resistance,4
tennessee,1
allowing,1
million,10
team,12
early,3
would,42
propose,1
rotten,1
beach,1
snowball,2
kindly,1
ergo,1
belgian,3
number,4
pot,1
jewishsupremacist,1
comparison,1
climatecrimes,2
sooo,1
clip,2
aungsansuukyi,1
historically,1
series,2
tetanusimmunization,1
hows,1
suck,5
ushistory,2
ppls,1
childlabor,1
purposedly,1
consultant,1
hype,1
kin,1
conflate,2
content,5
ksa,2
valuechain,3
advancement,1
anti,5
village,2
~13,1
permit,1
lehman,1
bigly,1
ambition,1
yesterday,2
âdo,1
trumpinauguration,1
porn,25
location,1
yet,9
various,1
reproductiverights,1
china,2
food,4
belongs,2
disavow,2
airpo,3
99c,1
trumplies,1
sense,2
plantation,1
whiteperson,1
abt,4
smog,1
protects,1
fotiadis,1
guâ¦,1
minority,7
aryanbrotherhood,1
gutter,1
ultra-ohodox,1
drive,2
oppressor,1
bigotâ¦,1
basis,1
badly,2
degrading,1
morganfreeman,2
overwhelmingly,2
caturday,1
walk,2
intolerant,2
2016release,1
hyper-violent,1
graceless,1
blackface,2
copy,1
biological,1
multi-million,2
crybully,1
endofthe,1
rohingyas,1
russiagate,1
bambi,1
epidemic,1
afraid,3
represents,1
prioritized,1
informing,1
richie,1
cameronstaff,2
mandate,1
duty,1
ukip,2
happynewyear,2
cockwomble,1
wakeupamericaca,1
15th-century,1
âreverse,1
jerusalem,2
calm,1
incl,1
empathy,2
terrorize,1
dontbuythesun,2
9:52,1
antiwhite,3
presidentobama,1
viewed,1
holier,1
forever,3
kid,12
impeachtrumpâ¦,1
prince,2
approx,1
pull,1
'launched,1
endlessly,1
thinking,1
confederateflag,1
horror,1
irony,2
rider,1
zurich,1
clothes,3
breathes,1
malayalees,1
blame,4
cpc,1
jackson,1
nudistâ¦,1
ï¸,2
realiâ¦,1
barack,2
spoke,2
donald,5
offered,3
co-star,1
cake,2
look,32
'anti-semitism,1
regnant,1
itâ¦,1
precision.â¦,1
rule,4
suppo,10
supremecou,1
quest,3
promise,2
organiser,1
performer,3
complicity,1
lame,3
oppression,1
burka,1
attempting,1
adl,2
congrats,1
mic,1
thousand,3
letstalkabout,2
nationdivider,1
bustymilf,1
historian,1
instrumental,1
æ°é²å,1
yong,1
graffiti,1
12,1
blacksupremacist,1
newyears,1
happyholidays,3
interested,3
dad,6
taught,2
century,2
ndtv,1
victim,8
35,1
declining,1
trump,211
deleted,1
went,3
meet,3
shallow,2
argued,2
mtvwhiteguys,1
nowhere,1
neck,2
cow,11
discus,1
brown,8
fascism,13
bible,1
affirmativeactionâ¦,1
hand,8
ck,1
phrase,1
trumpism,4
derek,2
presidenttrump,1
cost,1
racâ¦,3
pivoâ¦,1
full,5
2008,2
edgy,1
inexistence,1
lawâ¦,2
æ¥æ¬ä¼è­°,1
crash,1
fallacy,1
wn,1
charlespaladino,1
begin,1
eltham,1
blaâ¦,1
though,5
guessed,1
uselections2016,12
manspreading,1
sandniggers,1
shepherd,19
listening,3
arkansas,1
samaria,1
stolen,1
conviction,3
hell,6
indirect,1
suing,1
defile,1
stereotype,8
repeat,2
national,4
greek,1
profile,3
threaten,2
ç¤¾æ°å,1
roll,1
ºtrumptrainâ¦,1
misogynisttrump,1
harder,2
cosmeticsbrand,1
wearing,1
hear,4
buggeroffboris,1
local,1
coz,1
whiner,1
uncovâ¦,1
classic,2
yes,10
instead,3
nationalist,8
realitycheck,2
seller,1
hasbeen,1
âanti-islamistâ,1
triggerwarning,1
sympathized,1
shuckinandjivin,1
chief-,1
reason,7
factory,20
solidarity,1
yellâ¦,1
health,3
biracial,1
ecocide,2
thug,3
killing,3
ordination,1
dumbingdownofamerica,1
willoughbyâs,1
people,89
slavelabor,1
neo-nazi,1
salut.but,2
muslimpos,1
tale,5
restrained,2
couesy,1
intersectionality,1
corruptgop,1
whether,1
laser,1
imwithher,1
argentine,1
mouth,1
data,1
discâ¦,1
2.,1
electoralcollege,1
passionate,1
tl,1
neogaf,1
die,5
feminismisterrorism,20
jeffsessions,7
Â£2,2
fucku2016,1
'an,2
newyork,10
xenophobic,5
wew,1
okay,2
playing,3
protesting,12
israel,15
freemilo,5
w/another,1
strategy,1
'my,2
pussy,7
funding,2
leading,1
edinburgh,2
mating,1
screenshot,2
lbgt,1
differently,1
mcdonaldâs,1
committed,3
reprehensible,2
racist,106
ethnic,1
model,2
inbred,1
ceo,1
deadliest,3
and/or,2
calmly,1
euro,1
deeply,1
toy,1
closely,1
patriotism,2
alt-right,9
endthenation,2
weakening,1
againstâ¦,2
prevent,1
sho,1
panty,1
horizonâalways,1
leftistlunatics,1
think,39
allahsoil,92
ape,4
carefully,1
john,1
whoa,1
extremely,1
hidden,1
hilton,1
retro,2
misogynyâ,1
mcfadden,1
nice,5
subtle,3
maybe,8
elect,3
late,2
exploitation,2
communism+,1
climatechange,2
dating,1
anti-jewish,1
lisa,1
construction,1
endof2016,4
chess,1
â¤â¤â¤his,1
college,1
magicrealism,1
raceâ¦,1
lunatic,3
thepoliticalmillennial,1
pizza,3
opt,1
embâ¦,1
superhero,1
whatâs,1
globe,1
males.â,5
di,1
cress,1
clothing,1
socialmedia,2
thief,2
gracemugabe,1
distos,1
expected,4
disgraceful,2
pure,3
storyville,1
illegalsettlements,1
tampa,32
arresting,2
capitalism,3
sourcenation,2
appreciate,1
wrote,1
repug,1
prevail,4
chaplin,2
andâ¦,3
applies,1
ashamed,3
way,20
baiting,1
old,6
sadly,2
nasty,3
"700,000",2
cultism,2
post,11
someone,15
sunday,1
profitable,1
unmasking,3
simpleton,1
nationâs,1
empower,2
inveed,1
fuhered,11
brag,1
pubfriction,1
discussed,3
ãããplay,1
hypocrisy,3
scald,1
is/is,1
voted,9
kurd,2
advanced,3
impossible,4
sealed,4
veto,1
cheerleader,2
self,6
whore,3
compassâ¦,1
'rude,1
ana,1
thaâ¦,1
'non-jews,1
1000x,2
end,18
manhattan,1
skynews,1
~6,1
amid,1
microsoft,1
reflection,9
pandy,1
compared,1
âï¸,2
calgary,27
ãbotã,2
semitic,6
civilian,1
merely,1
_Ø§ÙØ¬Ù,1
discredit,1
~12,1
shiless,3
cause,5
-absurd,1
jessica,1
moron,7
fair,4
feeling,3
prompt,1
korematsu,3
hardly,1
uttered,1
slaverâ¦,2
easy,1
speaking,7
stockpile,1
malevote,24
dude,5
minnesotavikings,1
au,1
bogard,1
aande,2
suffrage,1
traveller,2
goodluck,1
nia,1
condescending,1
thrown,7
non-racist,3
batshit,1
al,1
ask,6
quit,4
crisis,5
soundbite,1
offence,1
hawaii,1
arent,1
helpcovedolphins,3
considering,2
wantâ¦,2
de-stigmatize,1
status,1
around,6
street,5
fpÃ,2
talkradio,1
divide,1
result,3
asking,1
whiteslavery,1
kick,1
rnc,2
checkcashing,1
khan,1
bed,2
begun,1
betâ¦,1
board,8
winning,2
bbc,9
first,16
prison,2
household,1
terraced,1
cannon,2
reemergence,1
liarâ¦,1
justify,1
copped,1
impoant,5
procreate,1
soul,1
highfashion,2
putinspuppet,6
still,24
president,27
taragon,1
thought,22
â,2
safe,3
sewer,1
barrackobama,2
bc,4
911,1
maddow,1
attack,16
create,2
hillbots,2
happynewyear2017,1
hamzayusuf,2
sewage,1
segregate,1
info,3
littlemix,1
dancer,1
called,11
lactation,1
reconciliation,1
moral,1
blicqerâ¢,6
chaer,1
vine,1
obesity,1
teambtsâ¦,12
order,3
womensissues,1
governmentâs,1
forget,8
spectrum,1
farm,1
vehicle,1
jailed,1
bestof2016,1
treacherous,2
tie,1
2016in4wordâ¦,1
manmade,1
ticking,1
warrior,1
poor.â¦,2
womensrights,1
attorney,3
cult,3
acting,4
point-,1
objective,1
shitfest,1
sedition,2
â¦on,4
justified,1
notallmen,1
estate,1
sweet,1
tolerateâ¦,1
loathsome,1
stone,4
bâ¦,1
win,13
varying,3
interference,1
hocoschools,2
research,4
asslicker,1
planet,1
diff,1
cbb,1
jab,1
bookreview,1
ma'likrichmond,1
goy,1
protest,6
kpopdance,1
thurs,1
suppoers,24
reaction,5
swastika,6
preach,3
buliding,2
prosecute,2
conflictâ¦,1
oughta,1
knee-jerk,1
trial,3
actor,2
amandanunes,2
innocent,3
king,2
bar,3
isolationist,1
lostpopularvote,1
knitting,1
comrade,1
prosecutorialmisconduct,1
demand,1
innovative,1
title,2
shameless,1
whitey,1
water,2
cognizant,1
unamerican,1
folk,2
wild,1
racism.,1
exposing,1
clown,1
drill,1
21st,2
mediamisogyny,1
beensqueezing,1
cry,1
lack,4
fuck,24
evidence,4
youdisgustme,1
latest,32
michelleobama,7
patience,2
craziness,2
barackobama,2
embracâ¦,1
cut,2
nooltham,1
ugly,8
reputation,1
rid,4
faith,1
mark,4
essay,1
1960,1
whoâ¦,3
linguistics,1
public,5
complaint,1
misrepresentation,1
sameshitnewyear,1
ÑÐ±ÐºÐ°,1
mofo,1
per,2
fuuuuuuuuuuuuck,1
crescâ¦,1
vile,4
assailed,1
california,2
bus,1
may,10
bank,3
must,18
parenting,2
level,4
job,13
undermine,1
swinging,1
socialized,1
dearfellowwhitepeople,1
guyâ¦,2
broader,1
billionaire,2
opiâ¦,1
racialequity,1
homo-resistantâ¦,1
involved,2
aswell,1
demeaning,1
trash,5
hide,3
green/townÂ²,2
probably,2
sequel,2
disney,1
smooth,1
record,8
ignorance,18
historicalamnesia,1
macdonald,2
xenophobia,13
genocide-defender,1
matter,15
indianapolis,2
chicago,2
psychopath,1
else,4
cat,2
sell,2
emma,1
applauding,1
sentiment,1
told,4
lapdog,1
run,4
feminism,16
rage,1
thouâ¦,1
comedian,1
quoted,1
provenâ¦,1
cracker,3
zille,2
s,1
neverumpâ¦,2
finally,3
cooke,1
noticed,3
him.â¦,1
top,2
attendant,1
irish,3
natt,1
amjoy,3
hate-group,1
rambling,2
different,8
2a,1
no-balls,1
standard,1
daddy,1
entitled,1
race-baiter,1
app,1
foolin,2
ideologyâ¦,1
adamsaleh,3
shut,7
otherwise,3
pedophile,2
spreadlovethischristmas,1
conman,3
hypocrite,4
lost,12
rock.â¦,1
tolerated,2
blunt,2
journalism,3
amanda,1
liar,9
ash,4
bad,8
oppressiâ¦,1
chick,10
feed,2
activism,1
huge,1
letting,1
reality,8
cowardâ¦,1
stpp,1
bud,1
b,2
fb,1
fashioâ¦,2
pasture,1
philandocastile,2
journalist,2
weird,1
teacher,2
believe,17
santa,4
house,6
aist,1
absence,1
miâ¦,1
dick,5
politically,1
swamp,1
oppose,2
secretaryofstate,2
daddygavemeamillion,1
â,1
/or,2
saudi,1
thank,11
cuba,1
burn,1
â¦you,3
prof,1
harlem,1
myth,1
face,15
amateur,1
troll,9
å±±æ¬å¤ªé,1
returnmyvinyl,1
montana,3
higher,1
decree,1
fixed,1
complete,1
sunderland,2
freaking,1
priyankachopra,2
spit,2
erica,1
might,77
understanding,1
15,1
driving,1
'revolution,2
celebrate,2
grandson,1
notfit,1
snowflake,5
ameture,1
altrightâ¦,1
accent,1
hateful,10
crackalogic,1
wave,1
monetary,1
libearian,1
springstâ¦,1
unleashes,2
root,4
rottweiler,1
pro-,1
stay,4
government,8
oiler,2
asset,1
trumpâs,4
passing,1
junior,1
averse,1
afrofuturism,1
mysoginist,2
conservative,4
bluelivesmatter,3
humour,2
hm,1
gate,2
bill,3
optrump,2
proud,10
george,3
afternoon,1
1000,1
discrepancy,2
nc,1
1/1/17,2
happened,4
mustfall,2
girles,1
melanin,1
râ¦,1
staywoke,1
convince,1
footage,1
foodie,2
diversity,5
playground,1
poor,3
murray,1
edchat,1
spread,6
cramped,1
cologne,7
pegida,1
photograph,1
disability,2
brings,1
spo,1
shot,6
felony,2
asshat,2
small,6
cambersands,1
extremism,7
adores,2
woh,6
suspected,2
care,4
â¡ï¸,2
jerodtwin,1
politicalcorrectness,1
giant,2
male,11
responds,1
lauren,1
season,1
whiteprivâ¦,1
ufc,2
rulâ¦,1
omits,4
ww,1
fetish,2
sexualbullying,1
wheneâ¦,1
statementâ¦,1
show,26
antisemites,2
emmastone,1
33,1
dollar,3
fowoh,1
tell,13
asianmen,2
'gweh,3
noafd,1
experienced,1
condescension,2
crazed,1
contradiction,1
drunk,2
monster,4
domestic,1
obstruction,3
jealous,4
graduate,2
heed,1
jewworldorder,1
messiah,1
keithx,1
wan,4
ncaa,2
50,4
michelleobamaâ¦,1
freed,1
komo,1
suit,2
shadowed,1
touring,1
rother,2
wnt,1
mentioned,2
cafenoirproject,2
dead,6
peopleâ¦,1
klan,4
biher,4
laâ¦,1
rough,4
terminology,1
ku,1
meme,6
israelisettlements,2
catdjt,1
snowpeople,1
snapchat,1
ove,4
question,7
woobietuesday,1
bookpublishing,1
queen,1
weneed,1
auspo,1
grouâ¦,2
shall,1
woman-degrading,1
anal,2
young,4
world,26
never,34
whitesupremacy,6
smile,1
neutrality,2
'culture,1
neveoolate,1
weasel,2
slapcam,1
diaz,1
americadoesntwantyou,1
ageoftrump,1
whitenationalist,3
bwahahahahaha,1
turning,2
flood,2
injustice,5
validating,1
samachar,1
carl,17
hea,3
official,8
overwhelming,1
ivanka,2
violently,1
wale,1
butt,2
deceit,1
smaimmigration,1
use,14
eâ¦,1
stuakenyon81,1
newzeeland,1
ebay,2
democratic,2
saturdaâ¦,2
la,2
humping,1
date,3
neighbor,5
settlement,4
pasty,1
offical,2
social,7
join,8
biggest,3
michaelacoel,1
crookedtrump,1
loosahs,1
except,4
shockfactor,1
cashing,1
everyones,1
finland,1
define,2
woâ¦,1
page3,3
2.99,1
defense,1
â®,1
taharrush,2
september,1
barry,1
investigate,1
pen,1
bluntly,3
randomly,1
fergusonâ¦,1
football,5
yeah,4
putin,7
light,5
shine,1
matthew,1
populism,1
notmypresident,17
cdnpoliâ¦,1
slaveowner,1
naked,12
sans,1
fascist,14
potus,6
rockineve,1
winter,1
befriending,2
yyc,1
outrageous,2
piggy,1
rapeugee,2
military,4
like,138
sexualharassment,1
racecard,1
lifelessons,3
nazi=â¦,1
vanity,1
c.o.w.s,1
abd,1
email,1
Â£5,2
fact,5
prediction,1
eugenics,3
emoji,1
repulsive,1
dumping,2
pres,1
rooted,3
âinvisible,1
hated,4
decision,1
credibilityâ¦,1
anothr,1
bandying,1
flt,1
values.â¦,1
move,3
inflict,2
opponent,1
respectâ¦,2
colluder,1
access,1
islamaphobia,2
surface,1
hid,1
pride,1
noborders,1
nd,1
â,1
mmiw,1
forbidden,1
added,2
proof,3
value,4
atlanta,4
verbally,1
zit,1
orgâ¦,1
sending,3
nu,1
wtf2016,3
pittsburgh,1
badge,1
scurvy,1
disease,9
purge,1
nosurprise,1
heâ¦,1
sit,1
distant,1
/how,1
rendition,1
appropriating,1
annoying,1
horrible,3
empowering,1
alternative,2
loser,4
tws,1
nofascist2017,1
getreal,1
booâ¦,1
youth,1
powerâ¦,1
canada,5
â¤,3
procrastinate,1
hi-5,1
attire,1
blackvote/,1
powerful,3
idiocy,1
sucked,1
tornado,1
economic,2
bearâs,4
2016in4words,9
herschlag,1
standâ¦,1
demonize,1
resigns,1
whopped,1
2016highlights,1
vids,5
coalitionist,1
something,3
anchor,1
lettuce,2
dumbest,1
federal,1
careful,1
palladino,2
everyday,2
hoodie,1
human,9
wifebeaterâ¦,1
surrogate,1
â®ï¸,1
mormonisâ¦,1
age,7
workshop,1
dividerofanation,1
aussie,1
baycat,1
classifies,1
founder,1
refresher,1
ableismâ¦,1
reply,2
semi-retarded,1
follow,6
judge,6
thomas,1
aicle,10
indigenous,5
black/brown,1
grow,1
real,21
carlpalladino,1
islamicterrorist,1
carriefisher,1
caroline,1
single,6
â¬,3
celebrates,3
trc,3
assume,3
beverlywhaling,1
experience,5
damn,3
repulsion,1
illegalguns,2
smileyong,1
theresistaâ¦,1
catcalled,1
outdated,1
shake,2
womenissuesÂ,1
elected,1
asian,15
1st,1
andrewanglin,1
ground,3
rwnj,5
inevitable,1
childish,2
scene,1
hang,5
crony,1
lure,2
soâ¦,2
leader,5
fresh,1
inquest,2
instilling,1
style,1
alone,1
co-chair,10
bleating,1
smiling,1
hate/fear,1
sexism,7
fakenews,6
sweety,1
allows,2
asked,2
uppity,1
vandal,4
bankruptcy,1
mean,21
stocking,1
abetting,1
miloyiannopoulos,1
msian,1
clock,1
99cents,1
naboomspruit,1
offensivememes69,1
incineration,1
billing,1
woow,2
breed,2
hipster,1
pm,2
'white,1
feigned,1
pop,3
establishing,1
passenger,1
trough,1
performing,1
prankster,2
shi,2
hugh,1
instructed,2
redcove,1
nov,1
cnv,1
fashion,1
thing,23
entrenched,1
keithellison,1
mocked,1
shagged,1
hired,1
keep,23
hocomd,2
shitshow,1
thisâ¦,1
colour,1
taharrushgamea,2
admin,1
maga3x,1
regressive=,2
sistersofcolour,1
ill,1
cleansing,1
blackwomen,2
noh,2
upenn,1
forher,1
jihad,4
yea,1
insecurity,2
jcpenny,4
misogynyâ¦,1
song,3
scientist,1
address,4
facemask,1
avenue,1
fighter,1
democrate,1
bringsâ¦,1
presidentpussygrabber,1
whitesupremacist,3
tired,1
competency,1
sight,1
jemele,1
worked,1
yay,4
hereticfoundation,2
raygun,2
08-â¦,2
med,1
obsidian,1
imperialism,3
alabama,5
mother,8
anymore,3
road,1
kâ¦,1
call,38
underlying,1
slow,2
completely,2
serve,5
remarksâ¦,1
miriam,1
zionism,6
electrical,1
courage,1
baby,1
dna,1
latesnews,1
airingofthegrievances,2
unpatriotic,1
svpol,1
prevented,1
diâ¦,1
moveable,1
accused,1
hate,71
facinghisâ¦,1
afghanistan,1
possible,2
moving,1
cringe,1
'needs,1
texas,6
weapon,2
dzange,1
underfire,1
moonman,1
newshow,2
jeremyjoseph,1
existing,1
mcmillan,1
norrisgreen,1
blamed,4
17,2
behind,1
diisgusted,1
count,1
liberalism,1
legislative,1
poc,2
zero,2
slip,1
raise,1
sta,3
memo,1
mdcollege,2
un,2
pewpewlifeâ¦,1
reagan,3
mar,2
volatile,1
genealogy,1
blonde,2
ignorantly,1
misunderstood,1
jehovas,1
behaviour,1
appeal,3
shelvey,2
vps,2
walking,3
west,2
praised,2
dividing,1
found,4
epicâ¦,1
betrays,1
camstaff,2
bhakt,3
deviant,1
hillary,11
queue,2
tlc,3
doublestandards,2
nevermypresident,1
wonât,1
anti-whites,1
s.,1
drsuess,1
boob,4
miamiâ¦,38
pissing,1
anybody,3
church,7
seventy,1
w/you,1
hv,2
line,4
bd,2
workplace,3
explanation,3
chain,4
boosâ¦,1
teamd,1
hold,3
session,8
originated,1
ambassador,3
womensrighttochoose,1
verbalassault,2
factophobia,2
store,2
green,3
double,1
idiotic,1
dull,1
proudtobeanamerican,1
authority,2
refugee,5
destructive,2
'narrow,1
gunâs,1
showmeyoureawoman,1
caoons,1
president-elect,1
prejudiced,1
nuff,1
impression,8
supermariorun,1
meaningless,1
leather,1
affirmativeaction,1
moment,1
temptation,1
made,13
probation,1
~9,1
applicable,1
princecharles,1
arrive,2
alway,1
whitefeminism,1
amoral,1
recast,1
mcdaniel,1
equalityâ¦,1
existenceâ¦,1
skate,1
crew,1
insident,1
iah,1
marriage,1
impoed,1
precisely,2
waiter,2
unfit,1
30,1
killed,1
creepy,1
no-one,1
lesson,4
polygamist,1
wiunion,1
prevents,6
weaponry,2
trumpâ¦,2
total,6
goodonedean,1
stereotyping,1
crosschecking/voter,1
spirit,1
wo,17
islamâ¦,1
im,6
assumption,2
sarcastic,1
cease,1
hater,6
cuckold,1
said,18
lady,10
kwanza,1
what2inlieuof,1
mma,4
action,11
over-excited,1
communist,4
dumbfuck,1
police,26
saga,1
thiza,2
2016in4worlds,1
isis.â,1
darkest,1
unwell,1
restricted,1
dinner,1
pic,7
highereducation,1
asks,1
wog,1
extoion17,2
whiterace,1
w/muslim,1
codified,1
program,2
latinas,1
mouthpiece,2
trumptrain,1
australia,7
names.â¦,1
turned,2
fellow,2
14th,2
20days,1
find,12
asean,1
genetics,5
hardcoresex,1
termed,1
scar,1
educationâ¦,2
1stammendment,1
dissent,1
sept,2
pavillion,1
jerk,1
populationcontrol,1
hearing,5
yavin,1
stillwithher,3
highest,1
tribalismâ¦,1
perk,1
darn,1
blacklivesâ¦,1
bee,1
magical,1
replacyclay,1
leaveeu,1
average,3
callâ¦,4
fantastic,1
gee,1
australian,4
destruction,2
overused,2
throw,2
cite,2
special,4
willsmith,1
league,1
dncchair,1
childfreeâ¦,1
bridge,2
largest,2
seal,1
eternity,1
isi,4
fucking,11
low,4
ect,1
depoation,1
exhausted,1
usaâ¦,1
score,1
need,37
mustread,2
st.,2
um,1
cc,2
note,2
progress,2
nobody,1
bat,1
cctv,1
ignore,4
pt.libtards,1
imitation,1
tâ¦,3
ââ,1
inside,2
pussygrabber,1
consent,1
piece,4
stable,1
traitor,10
wotching,1
sucklahoma,1
unity,3
shuts,1
fromâ¦,2
polarisation,12
jacobmarley,1
bush,1
-free,1
difficult,3
keeping,1
skywilliams,1
fraud,5
neo-,1
stain,1
center,1
deafinprison,1
came,5
â,2
hello,3
aberdeen,1
onto,1
hillbilly,1
afl,1
horrifying,4
npr,1
ie,2
read,13
motherfucker,2
swingtanzenverboten,1
critic,2
year,42
indeed,1
99p,1
padded,1
cant,3
paid,2
maga,24
oprah,1
away,5
folx,3
nikita,1
fail,3
staing,2
slave,4
fostercare,1
blacktwitter,4
fled,1
affiliated,1
point,8
eating,1
measured,1
healthy,1
wear,5
member,7
scale,1
invasion,2
imagemakeovers,1
vedic,1
imagine,3
atk,1
deseret,1
merry,1
gen,1
malign,1
bozzoli,1
man,35
waste,2
